Model,Accuracy,Precision,Recall,F1
Logistic Regression,0.825,0.8258145363408521,0.825,0.8248905565978737
Decision Tree,0.865,0.8650365036503651,0.865,0.8649966249156228
Random Forest,0.895,0.8998380402874784,0.895,0.8946814112690891
SVM,0.845,0.8478173202943844,0.845,0.8446854881134297
KNN,0.84,0.8467972256221951,0.84,0.8392121394834688
Gaussian NB,0.855,0.8631713554987211,0.855,0.8541797611565053
AdaBoost,0.86,0.86,0.86,0.86
